Precio,cantidad de reseñas,decripcion,rating,Nombre,Peso,Unidad
69.9,11.0,"Real IsolatePRO presenta un elevado porcentaje de proteína aislada de suero con certificación Promiko®, una fórmula que reduce los hidratos de carbono y acelera el proceso de absorción de los aminoácidos. ",4.3, Real IsolatePRO,2.0,Kg
76.3,127.0,Whey Pure Fusion de Amix es una proteína obtenida de aislado y concentrado de suero de una gran calidad con un alto contenido en aminoácidos ramificados y esenciales. Se trata de un proteína pura con una cantidad reducida de grasa y un bajo aporte de calorías. ,4.7,,0.0,
29.9,70.0,"PurePRO Creatine es el suplemento perfecto para llevar tu rendimiento físico al máximo. Con sello Creapure®, esta creatina significa sinónimo de calidad en materia prima.",4.8, PurePRO Creatine (Creapure®),500.0,gr
91.8,188.0,"IsoPrime CFM Whey Isolate de Amix es una de las proteínas de mayor calidad del mercado. Ha sido fabricada con una tecnología de última generación para aportarnos un valor biológico muy alto y que conjuntamente con el entrenamiento, consigamos una definición muscular de una forma sana y segura.",4.7, Isoprime CFM Isolate,2.0,Kg
16.92,1.0,"El suplemento L-Carnitine Pro de la marca PROFIT es una combinación de L-carnitina, específicamente en su forma de Carnipure, y vitamina B3 (niacina). La L-carnitina es un compuesto natural que desempeña un papel crucial en el metabolismo energético al ayudar en el transporte de ácidos grasos a las mitocondrias, donde se queman para producir energía. Esto puede ser beneficioso para aquellos que buscan mejorar la capacidad de su cuerpo para utilizar las reservas de grasa como fuente de energía durante el ejercicio o para promover la pérdida de peso.",5.0, L-Carnitine Pro 3000 20 Serv. x,15.0,ml
29.99,1.0,Platinum Creatine de Optimum Nutrition es un suplemento premium diseñado para atletas y entusiastas del fitness que buscan mejorar su rendimiento y optimizar su recuperación. Este producto ofrece una formulación avanzada que combina ingredientes de alta calidad y científicamente respaldados para proporcionar resultados efectivos y seguros.,4.0, Platinum Creatine,350.0,gr
29.95,2.0,"Platinum PUMP Pre-Workout de Optimum Nutrition es un pre-entreno sin cafeína de alta calidad diseñado para mejorar el rendimiento durante las sesiones de entrenamiento intensivo. Formulado por una de las marcas más reconocidas en la industria de la nutrición deportiva, este pre-entrenamiento se destaca por su combinación potente y efectiva de ingredientes, que buscan optimizar la energía, la resistencia y el enfoque mental.",5.0, Platinum PUMP Pre-Workout,380.0,gr
34.99,1.0,"Platinum Preworkout de Optimum Nutrition es un suplemento deportivo de alta calidad diseñado para mejorar el rendimiento durante las sesiones de entrenamiento intensivo. Formulado por una de las marcas más reconocidas en la industria de la nutrición deportiva, este pre-entrenamiento se destaca por su combinación potente y efectiva de ingredientes, que buscan optimizar la energía, la resistencia y el enfoque mental.",5.0, Platinum Preworkout,420.0,gr
21.17,28.0,JointPRO Collagen es el suplemento perfecto para aportar esa dosis extra de colágeno a tu cuerpo y que éste mejore la flexibilidad y elasticidad tanto de tus músculos como de tus órganos.,5.0, JointPRO Collagen,350.0,gr
63.19,261.0,100% Whey Protein Professional de Scitec Nutrition es una mezcla de proteína de concentrado de suero de gran calidad y de proteínas aislada de suero con una gran variedad de sabores. Las proteínas son fuentes de nitrógeno y de aminoácidos que son necesarios para el mantenimiento y el desarrollo de los músculos. ,4.8,,0.0,
39.9,12.0,"Real IsolatePRO presenta un elevado porcentaje de proteína aislada de suero con certificación Promiko®, una fórmula que reduce los hidratos de carbono y acelera el proceso de absorción de los aminoácidos. ",4.8, Real IsolatePRO,1.0,Kg
63.9,143.0,"Serious Mass de Optimum Nutrition es un subidor de peso con creatina diseñado para todos aquellos deportistas que, por sus necesidades calóricas, les cuesta alcanzar el total de calorías óptimo diario que necesita para aumentar su masa muscular y fuerza. Cada servicio del producto cuenta con 1252 kcal, 50 gramos de proteína bajo una combinación de fuentes digestivas, más de 250 gramos de hidratos de carbono sin azúcar añadido y creatina.",4.7,,0.0,
67.2,607.0,"Whey Gold Standard de Optimum Nutrition es una proteína que ha sido obtenida a partir de una mezcla entre aislado de proteína de suero microfiltrada, aislado de proteína de suero por intercambio iónico, concentrado de proteína de suero ultrafiltrada y péptidos de suero hidrolizado hydrowhey, con un alto contenido en aminoácidos ramificados y esenciales. Es una proteína de gran pureza con una cantidad reducida de grasas e hidratos de carbono.",4.7,,0.0,
18.62,3.0,PurePRO Glutamine previene la aparición de fatigo muscular y favorece la recuperación de los tejidos musculares después de los entrenamientos. ,4.7, PurePRO Glutamine Kyowa,500.0,gr
23.72,7.0,"Explosive PROWorkout es el pre-entrenamiento idóneo para que alcances todos tus objetivos en el entrenamiento. Con una fórmula que cuenta con las mejores patentes, disfruta de un producto de calidad que te permitirá sentir una explosión de energía en todo tu cuerpo.",4.9, Explosive PRO Workout,480.0,gr
59.9,10.0,"Original Whey PRO cuenta con la mejor calidad en materia prima, combinado con una fórmula instantánea que te permitirá recuperar los músculos tras cualquier entrenamiento. ",4.5, Original WheyPRO,2.0,Kg
17.5,23.0,"Omega 3 Fish Oil de Big es un suplemento dietético compuesto por aceite de pescado rico en Omega 3. El Omega 3 es un ácido graso esencial, es decir, un ácido graso que nuestro cuerpo no es capaz de fabricar, por lo que debe ser ingerido mediante las comidas o la suplementación. Cada cápsula de Omega 3 Fish Oil aporta 1 gramo de omega 3 del cual el 35% es EPA (ácido eicosapentaenoico) y el 25% DHA (ácido docosahexaenoico).",4.8, Omega 3 Fish Oil,100.0,perlas
63.9,106.0,"Mutant Mass de Mutant es un subidor de peso diseñado para ayudarnos a desarrollar nuestra masa muscular y mantenerla en un estado voluminizado especialmente si llevamos una vida activa donde tenemos un alto gasto calórico. El gasto metabólico basal depende en gran medida del peso corporal, por este motivo, aquellas personas que tienen un gran volumen muscular tienen una mayor demanda de calorías para no ver afectada su masa muscular.",4.8,,0.0,
34.9,9.0,"Original Whey PRO cuenta con la mejor calidad en materia prima, combinado con una fórmula instantánea que te permitirá recuperar los músculos tras cualquier entrenamiento. ",4.3, Original WheyPRO,1.0,Kg
17.5,16.0,"Creatine Powder de Optimum Nutrition es un suplemento dietético compuesto únicamente por monohidratado de creatina pure de calidad farmacéutica. La creatina es una molécula peptídica formada por la unión de los aminoácidos arginina, glicina y metionina que se caracteriza por sus múltiples funciones y beneficios en la estructura muscular y en el rendimiento deportivo.",4.4, Creatine Powder,317.0,gr
35.9,32.0,"Serious Mass de Optimum Nutrition es un subidor de peso con creatina diseñado para todos aquellos deportistas que, por sus necesidades calóricas, les cuesta alcanzar el total de calorías óptimo diario que necesita para aumentar su masa muscular y fuerza. Cada servicio del producto cuenta con 1252 kcal, 50 gramos de proteína bajo una combinación de fuentes digestivas, más de 250 gramos de hidratos de carbono sin azúcar añadido y creatina.",4.5,,0.0,
35.5,22.0,"Creatine Powder de Optimum Nutrition es un suplemento dietético compuesto únicamente por monohidratado de creatina pure de calidad farmacéutica. La creatina es una molécula peptídica formada por la unión de los aminoácidos arginina, glicina y metionina que se caracteriza por sus múltiples funciones y beneficios en la estructura muscular y en el rendimiento deportivo.",4.7, Creatine Powder,634.0,gr
26.5,0.0,"La Creatina Creapure® de Protella es una excelente opción para cualquier persona que busque mejorar su fuerza y ​​rendimiento físico durante sus entrenamientos. Este suplemento deportivo se distingue por su alta calidad, pureza y capacidad de ser absorbido rápidamente por el cuerpo.",, Creatine Monohydrate Creapure (Con sabores),300.0,gr
32.5,36.0,"Whey Gold Standard de Optimum Nutrition es una proteína que ha sido obtenida a partir de una mezcla entre aislado de proteína de suero microfiltrada, aislado de proteína de suero por intercambio iónico, concentrado de proteína de suero ultrafiltrada y péptidos de suero hidrolizado hydrowhey, con un alto contenido en aminoácidos ramificados y esenciales. Es una proteína de gran pureza con una cantidad reducida de grasas e hidratos de carbono.",4.6, Whey Gold Standard,896.0,gr
79.1,168.0,"ISO-100 de Dymatize en un suplemento formado totalmente por aislado de proteína de suero. Al alimentar a nuestro cuerpo, la calidad de la proteína es muy importante para que su efectividad sea la deseada y conseguir los resultados que buscamos.",4.7,,0.0,
54.9,55.0,Nitro Tech Whey Gold de Muscletech es un suplemento elaborado a partir una matriz premium de proteínas junto a un concentrado de suero . Dicha matriz contiene péptidos de suero con una alta tasa de biodisponibilidad para nuestro organismo junto a una mezcla proteínas de suero aisladas.,4.8,,0.0,
29.75,96.0,"C4Original de Cellucor es uno de los mejores pre-entrenos de su categoría, que destaca por su capacidad de activar y potenciar la concentración, la fuerza y la resistencia muscular durante el entrenamiento. C4 Extreme combina la innovadora tecnología de NO3 y de ingredientes de una gran efectividad para estimular la fuerza.",4.7, C4Original,60.0,Serv
28.99,17.0,"Vegan Protein de Weider es una proteína de origen vegetal procedente del guisante (pisane C9) y del arroz con una cantidad adicional de extractos vegetales y de cereales orgánicos, sin lactosa, sin gluten y sin colesterol. Si quieres incluir en tu dieta una proteína vegana y de una alta calidad y un delicioso sabor, Vegan Protein es la proteína que estabas buscando.
 ",4.9, Vegan Protein,750.0,gr
20.32,1.0,"CarbPRO Blocker es un suplemento dietético creado para evitar la absorción de los carbohidratos y grasas, que nos permitirá seguir comiendo las comidas que más nos gustan y que llevan alimentos ricos en calorías, además de producir una sensación de saciedad.
 ",4.0, CarbPRO Blocker,120.0,caps
25.9,67.0,"Multi Mega Stack de Amix es un complejo vitamínico muy completo que contiene todas las vitaminas y minerales para poder mantener el correcto funcionamiento de nuestro cuerpo. Multi Mega Stack destaca porqué tiene un gran contenido en vitaminas del grupo B, importantes en la metabolización de los nutrientes y las proteínas, necesarios para conseguir un buen desarrollo de la musculatura libre de grasa.",4.9, Multi Mega Stack,120.0,tabls
15.22,17.0,"BCAA + Glutamine de Quamtrax Nutrition es nuestro mejor aliado a la hora de potenciar la recuperación muscular después de realizar entrenamientos intensos los cuales tienen un gran efecto sobre nuestra musculatura ya que producen un gran desgaste por lo que implica que nuestro cuerpo entrará en un estado catabólico para obtener aminoácidos e iniciar la recuperación muscular, lo cual podremos evitar gracias a BCAA + Glutamine y además potenciaremos el anabolismo.
 ",4.6, BCAA + Glutamine,500.0,gr
23.72,11.0,"                BCAA + Glutamine AminoPRO es el mejor suplemento para complementar tus entrenamientos. Con el sello Kyowa®, estos aminoácidos suponen un avance tecnológico con la mejor calidad del mercado.             ",4.4, BCAA + Glutamine Amino PRO,500.0,gr
18.99,3.0,"Fish Oil de Optimum Nutrition es un suplemento dietético en cápsulas elaborado a partir ácidos grasos omega 3 procedentes de aceite de pescado. Los omega 3 son unos ácidos grasos que nos ayudarán a regular los niveles de colesterol, mejoran la regeneración de nuestras células, estimulan el sistema nervioso, previenen las enfermedades cardiovascular y apoyan el desarrollo cerebral. Son conocidos también como grasas buenas que el cuerpo no puede sintetizarlas por sí mismo por lo que se han de obtener mediante la dieta o la suplementación.",4.3, Fish Oil ,100.0,perlas
38.1,30.0,"Glutamine + BCAA Powder de Amix es una combinación perfecta de BCAA's con glutamina que mejorará nuestra recuperación después de los entrenamientos intensos, reducirá el catabolismo muscular, retrasará la aparición de la fatiga y favorecerá el aumento de la masa muscular. Cada servicio diario de 10 gr nos aportará 5 gr de aminoácidos ramificados y 5 gr de glutamina.",4.8, Glutamine + BCAA Powder,530.0,gr
39.5,44.0,"ThermoCore de Amix es un quemador de grasas de acción termogénica totalmente libre de efedrina que combina 7 componentes de una gran efectividad (Coleus Foskolina, Guggul, Cafeina, Sinefrina, Guarana, Salcina y Bioperina).",4.4, Thermocore,90.0,caps
35.54,21.0,"ISO-100 de Dymatize en un suplemento formado totalmente por aislado de proteína de suero. Al alimentar a nuestro cuerpo, la calidad de la proteína es muy importante para que su efectividad sea la deseada y conseguir los resultados que buscamos.",4.7, ISO-100,900.0,gr
44.9,140.0,"Nitro Tech Whey Protein de Muscletech es un suplemento elaborado a partir de aislado de suero pensado para todos aquellos atletas que quieren ganar masa muscular, fuerza y mejorar su rendimiento para poder alcanzar sus objetivos en el menor tiempo posible. Además, con tal de mejorar su fórmula se le ha añadido una cantidad óptima de creatina para así conseguir una mejora más rápida de músculo y fuerza y mantener una buena hidratación de las células.",4.8,,0.0,
29.99,5.0,"BCAA Train + Sustain de Optimum Nutrition es una combinación de aminoácidos ramificados de la mejor calidad, magnesio, vitamina C y electrolitos que reforzarán el estado de nuestros músculos reduciendo su fatiga, mejorarán la efectividad del sistema inmunológico y harán que podamos rendir satisfactoriamente y así poder lograr nuestros objetivos.",4.8, BCAA Train + Sustain,28.0,Serv
18.15,2.0,"L-Carnitine 3000 de Perfect Nutrition es un suplemento dietético liquido compuesto principalmente por L-carnitina y cafeína (sabor naranja), dos sustancias que actúan sinérgicamente para a facilitar el proceso de pérdida de peso a partir de una reducción del tejido graso. ",4.5, L-Carnitine 3000,500.0,ml
25.9,33.0,"Mutant Mass de Mutant es un subidor de peso diseñado para ayudarnos a desarrollar nuestra masa muscular y mantenerla en un estado voluminizado especialmente si llevamos una vida activa donde tenemos un alto gasto calórico. El gasto metabólico basal depende en gran medida del peso corporal, por este motivo, aquellas personas que tienen un gran volumen muscular tienen una mayor demanda de calorías para no ver afectada su masa muscular.",4.8,,0.0,
35.9,32.0,"Serious Mass de Optimum Nutrition es un subidor de peso con creatina diseñado para todos aquellos deportistas que, por sus necesidades calóricas, les cuesta alcanzar el total de calorías óptimo diario que necesita para aumentar su masa muscular y fuerza. Cada servicio del producto cuenta con 1252 kcal, 50 gramos de proteína bajo una combinación de fuentes digestivas, más de 250 gramos de hidratos de carbono sin azúcar añadido y creatina.",4.5,,0.0,
35.5,22.0,"Creatine Powder de Optimum Nutrition es un suplemento dietético compuesto únicamente por monohidratado de creatina pure de calidad farmacéutica. La creatina es una molécula peptídica formada por la unión de los aminoácidos arginina, glicina y metionina que se caracteriza por sus múltiples funciones y beneficios en la estructura muscular y en el rendimiento deportivo.",4.7, Creatine Powder,634.0,gr
26.5,0.0,"La Creatina Creapure® de Protella es una excelente opción para cualquier persona que busque mejorar su fuerza y ​​rendimiento físico durante sus entrenamientos. Este suplemento deportivo se distingue por su alta calidad, pureza y capacidad de ser absorbido rápidamente por el cuerpo.",, Creatine Monohydrate Creapure (Con sabores),300.0,gr
32.5,36.0,"Whey Gold Standard de Optimum Nutrition es una proteína que ha sido obtenida a partir de una mezcla entre aislado de proteína de suero microfiltrada, aislado de proteína de suero por intercambio iónico, concentrado de proteína de suero ultrafiltrada y péptidos de suero hidrolizado hydrowhey, con un alto contenido en aminoácidos ramificados y esenciales. Es una proteína de gran pureza con una cantidad reducida de grasas e hidratos de carbono.",4.6, Whey Gold Standard,896.0,gr
79.1,168.0,"ISO-100 de Dymatize en un suplemento formado totalmente por aislado de proteína de suero. Al alimentar a nuestro cuerpo, la calidad de la proteína es muy importante para que su efectividad sea la deseada y conseguir los resultados que buscamos.",4.7,,0.0,
54.9,55.0,Nitro Tech Whey Gold de Muscletech es un suplemento elaborado a partir una matriz premium de proteínas junto a un concentrado de suero . Dicha matriz contiene péptidos de suero con una alta tasa de biodisponibilidad para nuestro organismo junto a una mezcla proteínas de suero aisladas.,4.8,,0.0,
29.75,96.0,"C4Original de Cellucor es uno de los mejores pre-entrenos de su categoría, que destaca por su capacidad de activar y potenciar la concentración, la fuerza y la resistencia muscular durante el entrenamiento. C4 Extreme combina la innovadora tecnología de NO3 y de ingredientes de una gran efectividad para estimular la fuerza.",4.7, C4Original,60.0,Serv
28.99,17.0,"Vegan Protein de Weider es una proteína de origen vegetal procedente del guisante (pisane C9) y del arroz con una cantidad adicional de extractos vegetales y de cereales orgánicos, sin lactosa, sin gluten y sin colesterol. Si quieres incluir en tu dieta una proteína vegana y de una alta calidad y un delicioso sabor, Vegan Protein es la proteína que estabas buscando.
 ",4.9, Vegan Protein,750.0,gr
20.32,1.0,"CarbPRO Blocker es un suplemento dietético creado para evitar la absorción de los carbohidratos y grasas, que nos permitirá seguir comiendo las comidas que más nos gustan y que llevan alimentos ricos en calorías, además de producir una sensación de saciedad.
 ",4.0, CarbPRO Blocker,120.0,caps
25.9,67.0,"Multi Mega Stack de Amix es un complejo vitamínico muy completo que contiene todas las vitaminas y minerales para poder mantener el correcto funcionamiento de nuestro cuerpo. Multi Mega Stack destaca porqué tiene un gran contenido en vitaminas del grupo B, importantes en la metabolización de los nutrientes y las proteínas, necesarios para conseguir un buen desarrollo de la musculatura libre de grasa.",4.9, Multi Mega Stack,120.0,tabls
15.22,17.0,"BCAA + Glutamine de Quamtrax Nutrition es nuestro mejor aliado a la hora de potenciar la recuperación muscular después de realizar entrenamientos intensos los cuales tienen un gran efecto sobre nuestra musculatura ya que producen un gran desgaste por lo que implica que nuestro cuerpo entrará en un estado catabólico para obtener aminoácidos e iniciar la recuperación muscular, lo cual podremos evitar gracias a BCAA + Glutamine y además potenciaremos el anabolismo.
 ",4.6, BCAA + Glutamine,500.0,gr
23.72,11.0,"                BCAA + Glutamine AminoPRO es el mejor suplemento para complementar tus entrenamientos. Con el sello Kyowa®, estos aminoácidos suponen un avance tecnológico con la mejor calidad del mercado.             ",4.4, BCAA + Glutamine Amino PRO,500.0,gr
18.99,3.0,"Fish Oil de Optimum Nutrition es un suplemento dietético en cápsulas elaborado a partir ácidos grasos omega 3 procedentes de aceite de pescado. Los omega 3 son unos ácidos grasos que nos ayudarán a regular los niveles de colesterol, mejoran la regeneración de nuestras células, estimulan el sistema nervioso, previenen las enfermedades cardiovascular y apoyan el desarrollo cerebral. Son conocidos también como grasas buenas que el cuerpo no puede sintetizarlas por sí mismo por lo que se han de obtener mediante la dieta o la suplementación.",4.3, Fish Oil ,100.0,perlas
38.1,30.0,"Glutamine + BCAA Powder de Amix es una combinación perfecta de BCAA's con glutamina que mejorará nuestra recuperación después de los entrenamientos intensos, reducirá el catabolismo muscular, retrasará la aparición de la fatiga y favorecerá el aumento de la masa muscular. Cada servicio diario de 10 gr nos aportará 5 gr de aminoácidos ramificados y 5 gr de glutamina.",4.8, Glutamine + BCAA Powder,530.0,gr
39.5,44.0,"ThermoCore de Amix es un quemador de grasas de acción termogénica totalmente libre de efedrina que combina 7 componentes de una gran efectividad (Coleus Foskolina, Guggul, Cafeina, Sinefrina, Guarana, Salcina y Bioperina).",4.4, Thermocore,90.0,caps
35.54,21.0,"ISO-100 de Dymatize en un suplemento formado totalmente por aislado de proteína de suero. Al alimentar a nuestro cuerpo, la calidad de la proteína es muy importante para que su efectividad sea la deseada y conseguir los resultados que buscamos.",4.7, ISO-100,900.0,gr
44.9,140.0,"Nitro Tech Whey Protein de Muscletech es un suplemento elaborado a partir de aislado de suero pensado para todos aquellos atletas que quieren ganar masa muscular, fuerza y mejorar su rendimiento para poder alcanzar sus objetivos en el menor tiempo posible. Además, con tal de mejorar su fórmula se le ha añadido una cantidad óptima de creatina para así conseguir una mejora más rápida de músculo y fuerza y mantener una buena hidratación de las células.",4.8,,0.0,
29.99,5.0,"BCAA Train + Sustain de Optimum Nutrition es una combinación de aminoácidos ramificados de la mejor calidad, magnesio, vitamina C y electrolitos que reforzarán el estado de nuestros músculos reduciendo su fatiga, mejorarán la efectividad del sistema inmunológico y harán que podamos rendir satisfactoriamente y así poder lograr nuestros objetivos.",4.8, BCAA Train + Sustain,28.0,Serv
18.15,2.0,"L-Carnitine 3000 de Perfect Nutrition es un suplemento dietético liquido compuesto principalmente por L-carnitina y cafeína (sabor naranja), dos sustancias que actúan sinérgicamente para a facilitar el proceso de pérdida de peso a partir de una reducción del tejido graso. ",4.5, L-Carnitine 3000,500.0,ml
25.9,33.0,"Mutant Mass de Mutant es un subidor de peso diseñado para ayudarnos a desarrollar nuestra masa muscular y mantenerla en un estado voluminizado especialmente si llevamos una vida activa donde tenemos un alto gasto calórico. El gasto metabólico basal depende en gran medida del peso corporal, por este motivo, aquellas personas que tienen un gran volumen muscular tienen una mayor demanda de calorías para no ver afectada su masa muscular.",4.8,,0.0,
32.2,13.0,Creatine Monohydrate de Amix es una creatina 100% micronizada y totalmente libre de impurezas que aporta energía para permitirnos realizar la contracción muscular con una mayor efectividad.Este tipo de creatina tiene numerosas ventajas. Tiene una rápida absorción debido a que es una partícula de un tamaño pequeño y su digestión y su utilización es más rápida. Al ser 20 veces más pequeña que la creatina normal favorece la circulación sanguínea y su utilización es más eficiente.,4.9, Creatine Monohydrate,300.0,gr
24.99,0.0,"Gold Standard 100% Plant de Optimun Nutrition es una mezcla de proteínas vegetales de alta calidad elaborada a partir de proteína de guisante, de arroz integral y sacha inchi. Esta combinación aporta un perfil completo de aminoácidos que ayuda al deportista a mejorar la recuperación y favorece al crecimiento y mantenimiento de la masa muscular.",, Gold Standard 100% Plant,684.0,gr
19.9,9.0,"Creatine Monohydrate Creapure de Dymatize es 100% creatina monohidrato micronizada de grado farmaceutico. Este tipo de creatina favorece la mejor absorción de la creatina. Con Creatine Monohydrate Creapure comprobaras lo que es ganar fuerza y tamaño rapidamente. Te recuperaras antes, estarás mejor hidratado y eso solo con un producto.",5.0, Creatine Monohydrate Creapure,300.0,gr
49.9,52.0,"ANIMAL M-STAK Ha sido diseñado para que trabaje de forma natural en el cuerpo, potenciando la función de la testosterona y de la hormona de crecimiento asegurando unos niveles de testosterona altos, minimizar la conversión de testosterona en estrógeno, etc...",4.5, Animal M-Stak,21.0,Packs
21.5,20.0,"Pre-Workout de Optimum Nutrition es un pre-entreno elaborado a partir de ingredientes de una gran calidad como cafeína, beta-alanina, citrulina o creatina entre otros que nos ayudarán a mejorar la intensidad y el resultados de los entrenamientos para que podamos lograr nuestro objetivo con más garantías.",4.6, Gold Standard Pre-Workout,330.0,gr
41.4,51.0,Whey Pure Fusion de Amix es una proteína obtenida de aislado y concentrado de suero de una gran calidad con un alto contenido en aminoácidos ramificados y esenciales. Se trata de un proteína pura con una cantidad reducida de grasa y un bajo aporte de calorías.,4.7, Whey Pure Fusion,1.0,Kg
32.9,64.0,"Quest Bar Protein de Quest Nutrition es la mejor opción que tendrás para disfrutar de algo dulce sin perjudicar tu dieta. Es un snack que nos proveerá de hasta 21 gramos de proteínas de suero de leche de la mejor calidad. Quest Bar Protein están complementadas con edulcorantes más sanos (Stevia, Erythritol y sucralosa). Es una barrita saludable, que no afectará negativamente a tu plan de alimentación.",4.6, Quest Bar Protein 12 Barritas x,60.0,gr
17.59,12.0,"Joint Collagen de Weider es un producto que nos ayudará a proteger nuestras articulaciones elaborado a base de colágeno hidrolizado enzimáticamente, cúrcuma de alta biodisponibilidad y que ha sido enriquecido con manganeso, glucosamina, silicio y ácido hialurónico para potenciar sus efectos sobre aquellas personas activas y deportistas que tienen un alto desgaste.
 ",4.4, Joint Collagen,300.0,gr
29.98,2.0,"Premium BCAA 8:1:1 + Glutamine de Weider es una combinación de BCAA en ratio 8:1:1 + glutamina con un añadido de vitamina B6. Esta combinación de aminoácidos ha sido elaborada en base a los últimos estudios realizados, que demuestran la importancia de la leucina en base a la isoleucina y valina. Esto no quiere decir que estos 2 últimos aminoácidos no sean necesarios, todo lo contrario, ya que la leucina debe trabajar en sinergia con la isoleucina y la valina para obtener su máximo rendimiento, mejorando la síntesis de proteína muscular, favoreciendo a la recuperación y contribuyendo a los procesos energéticos.",5.0, Premium BCAA 8:1:1 + Glutamine,500.0,gr
8.9,4.0,"Cystone de Himalaya Herbal es un producto para ayudar a prevenir y tratar los cálculos renales y las piedras urinarias, infecciones del tracto urinario y otros problemas renales y hepáticos. Cystone ha sido elaborado mediante una fórmula herbomineral para mantener un tracto urinario sano y la composición normal de la orina.",5.0, Cystone,100.0,tabls
53.9,43.0,"Creatine Monohydrate de Amix es una creatina 100% micronizada y totalmente libre de impurezas que aporta energía para permitirnos realizar la contracción muscular con una mayor efectividad. Creatine Monohydrate nos permite realizar un entrenamiento más duro, más potente y de una mayor duración, permitiéndonos lograr nuestros objetivos en un menor plazo de tiempo.",4.7, Creatine Monohydrate ,500.0,gr
26.9,16.0,"The Curse de Cobra Labs es un efectivo pre-entreno que mejorará nuestro rendimiento aumentando los niveles de energía y reduciendo el cansancio y favoreciendo la sensación de alerta. The Curse tiene una fórmula sencilla que nos aporta todos los ingredientes necesarios para hacer que las sesiones de entrenamiento sean más intensas y duraderas.
 ",4.6, The Curse Pre-Workout,50.0,Serv
39.5,13.0,"Super Mass Gainer de Dymatize es un producto con una fórmula ultra-concentrada de carbohidratos y proteínas y vitaminas y  creatina, que proporcionan al cuerpo lo necesario para recortar el tiempo de recuperación y aumentan el desarrollo muscular.",4.5, Super Mass Gainer,2943.0,gr
34.99,3.0,"Gold Standard Pre-Workout Advanced de Optimum Nutrition es un pre-entreno elaborado a partir de ingredientes de una gran calidad como cafeína, beta-alanina o citrulina entre otros que nos ayudarán a mejorar la intensidad y el resultados de los entrenamientos para que podamos lograr nuestro objetivo con más garantías.",4.7, Gold Standard Pre-Workout Advanced,420.0,gr
37.95,1.0,"Panacea de Paleobull es un aislado de proteína de suero de leche procedente de vacas criadas en libertad y alimentadas con pasto “Grass fed”, con más de un 90% de proteínas de un alto valor biológico y un bajo contenido de grasas y azúcares.",5.0, Panacea,750.0,gr
13.9,26.0,"Cell-Tech Creatine de Muscletech es un fórmula patentada de creatina pensada para todas aquellas personas que quieren aumentar el volumen y la fuerza de sus músculos. Se trata de una voluminizador que combina ingredientes entre los que encontraremos, además de creatina, carbohidratos, aminoácidos ramificados, ácidos grasos y minerales que nos ayudarán a desarrollar nuestros músculos de una forma efectiva.",4.4,,0.0,
51.7,106.0,"ANIMAL CUTS Contiene una increíble lista de ingredientes especiales para definir, acelerando la pérdida de grasa y retención de líquido. Este quemador ataca las grasas desde múltiples perspectivas incluyendo una variedad de hasta 9 componentes con diferentes efectos complementarios.",4.7, Animal Cuts,42.0,Packs
10.25,1.0,"ZMA de BIG es una combinación de Zinc, Magnesio y vitamina B6 que nos ayudará a fortalecer nuestros músculos, mejorará la calidad de nuestro sueño, acelerará el tiempo de recuperación después del entrenamiento, mejorará los niveles de testosterona en nuestro cuerpo y reforzará el funcionamiento de nuestro sistema inmunológico.",5.0, ZMA (Magnesium Zinc Vitamin B6),90.0,caps
17.99,3.0,"Opti-Men de Optimum Nutrition es un suplemento dietético en cápsulas compuesto por un complejo de vitaminas y minerales junto a aminoácidos, extractos vegetales y ácidos grasos esenciales. Se caracteriza por la concentración de sus compuestos, y es que para su elaboración se han utilizado exactamente las cantidades que han demostrado mayores beneficios a nivel orgánico para el hombre.",4.3, Opti-Men,90.0,tabls
55.17,15.0,"Isowhey de Quamtrax es una proteína con un sabor inigualable, una gran pureza y una relación calidad precio increíble. Se trata de una mezcla de aislado y concentrado de suero de leche que ha sido obtenido por microfiltración por flujo cruzado, un proceso de elaboración que logra reducir las concentraciones de lactosa, grasa y carbohidratos manteniendo intacto el valor biológico de las proteínas.
 ",4.5,,0.0,
29.9,7.0,"Cell-Tech Creatine de Muscletech es un fórmula patentada de creatina pensada para todas aquellas personas que quieren aumentar el volumen y la fuerza de sus músculos. Se trata de una voluminizador que combina ingredientes entre los que encontraremos, además de creatina, carbohidratos, aminoácidos ramificados, ácidos grasos y minerales que nos ayudarán a desarrollar nuestros músculos de una forma efectiva.
 ",4.4,,0.0,
23.4,6.0,"Snickers Protein Bar de Snickers And Mars Protein Bars gracias a su fórmula mejorada son una alternativa perfecta a las tradicionales Snickers ya que, en su nueva versión, contienen menos de 200 kcal por cada barrita y tiene un aporte protéico de 18 gr por cada barrita por lo que es perfecto para darnos un extra de proteína en nuestra dieta y de una forma deliciosa.",4.7, Snickers Hi Protein 12 Barritas x,55.0,gr
39.95,6.0,"Moons Truck de Zoomad Labs es un suplemento dietético en polvo compuesto por una combinación de principios activos seleccionados con el objetivo de mejorar el rendimiento deportivo. Contiene ingredientes científicamente probados y patentados en las dosis más altas posibles para obtener resultados que, hasta ahora, nunca se habían visto en fórmulas de preentrenamiento.",4.0, Moons Truck II,510.0,gr
77.5,67.0,"Anabolic Masster es un combinado de proteínas de alta calidad, carbohidratos, componentes anabólicos naturales, estimulantes de la fuerza, congestión y vasodilatación muscular como: Monohidrato de creatina, Kre-alkalyn, Creatina Ethil Este, L-glutamina, L-arginina Hcl, L-arginina Alfa Ketogluterato, aminoácidos esenciales, aminoácidos ramificados, Tribulus Terrestris, Extracto de guggul, HMB, entre otros para producir un efecto anabólico explosivo total.",4.7,,0.0,
22.9,16.0,"The Ripper de Cobra Labs es un potente quemagrasas en polvo que promoverá el uso de la grasa como fuente de energía facilitando el proceso de pérdida de peso y actuará como pre-entreno dándonos más energía y aumentando nuestra resistencia mientras realizamos la actividad física. The Ripper ha sido pensado para aquellas personas que quieran mejorar la composición corporal o en fase de definición y buscan un complemento que promueva la utilización de las grasas como fuente de energía ayudándonos a reducir el cansancio.
 ",4.8, The Ripper,30.0,Serv
123.6,42.0,Whey Pure Fusion de Amix es una proteína obtenida de aislado y concentrado de suero de una gran calidad con un alto contenido en aminoácidos ramificados y esenciales. Se trata de un proteína pura con una cantidad reducida de grasa y un bajo aporte de calorías.,4.7, Whey Pure Fusion,4.0,Kg
21.25,4.0,"Mutant Madness de Mutant es un asombroso pre-entreno elaborado con L-citrulina, L-arginina, beta-alanina (Carnosyn®), taurina, L-tirosina y 500 mg de una combinación de fuentes de cafeína.
 ",4.0, Mutant Madness,225.0,gr
9.7,1.0,Caffeine de Mutant es un producto diseñado para mejorar nuestro rendimiento en los entrenamientos y favorecer la pérdida de grasa gracias al efecto termogénico que hace que se acelere nuestro metabolismo y se consuman una mayor cantidad de calorías en forma de grasa.,5.0, Caffeine,240.0,tabls
23.7,14.0,"Jack3d de USP Labs es un potente pre-entreno que nos permitirá notar una mayor disponibilidad de energía, fuerza, vigor y resistencia para que podamos afrontar todos los entrenamientos con más garantías, con más fuerza, más resistencia, pudiendo levantar más peso, realizando más repeticiones, mejorando la concentración mental y todo esto sin notar los dolores de cabeza o las jaquecas que suelen provocar los entrenos con un alto contenido en cafeína.
 ",4.8, Jack3d CNS,248.0,gr
22.9,10.0,"Glutamine + BCAA Powder de Amix es una combinación perfecta de BCAA's con glutamina que mejorará nuestra recuperación después de los entrenamientos intensos, reducirá el catabolismo muscular, retrasará la aparición de la fatiga y favorecerá el aumento de la masa muscular. Cada servicio diario de 10 gr nos aportará 5 gr de aminoácidos ramificados y 5 gr de glutamina.",5.0, Glutamine + BCAA Powder,300.0,gr
10.12,0.0,DailyPRO Vitamins es un suplemento dietético ideal para cubrir los niveles óptimos de vitaminas y minerales que tu cuerpo necesita para su correcto funcionamiento.,, DailyPRO Vitamins,90.0,caps
30.45,29.0,Diablo de Big es un quemagrasas termogénico creado para favorecer la pérdida de peso acelerando el metabolismo y provocando una mayor eliminación de las grasas que en condiciones normales.,4.6, Diablo,120.0,caps
128.9,83.0,"Whey Gold Standard de Optimum Nutrition es una proteína que ha sido obtenida a partir de una mezcla entre aislado de proteína de suero microfiltrada, aislado de proteína de suero por intercambio iónico, concentrado de proteína de suero ultrafiltrada y péptidos de suero hidrolizado hydrowhey, con un alto contenido en aminoácidos ramificados y esenciales. Es una proteína de gran pureza con una cantidad reducida de grasas e hidratos de carbono.",4.7,,0.0,
69.99,11.0,Syntha-6 Edge de BSN es una combinación de 6 proteínas distintas que en cada servicio nos aportará hasta 24 gr de proteínas que se liberarán a diferentes velocidades con el objetivo de mantener un suministros constante de aminoácidos a nuestros músculos.,4.7, Syntha-6 EDGE ,48.0,Serv
27.16,17.0,"Iso Whey Zero de Biotech USA es un suplemento con una proteína de suero de leche pura con un bajo contenido en grasas, hidratos de carbono y colesterol. Iso Whey Zero ha sido creado para favorecer el mantenimiento y el incremento de la masa muscular de un forma limpia y segura.
 ",4.8, Iso Whey Zero,500.0,gr
36.95,2.0,"Total Recovery de Victory Endurance es un post-entreno para todos aquellos deportistas que quieran reforzar la fase de recuperación después de los entrenamientos. Total Recovery cuenta con todos los componentes fundamentales para un buen post-entreno: Dextrosa, proteína de suero de leche, glutamina, aminoácidos ramificados, vitaminas y electrolitos.",4.5, Total Recovery,1250.0,gr
33.9,5.0,"Micellar Casein de Big es una caseína micelar de gran calidad, elaborada a base de Solmiko® de Glanbia Nutritionals®. Solmiko® forma parte de la gama más avanzada de proteínas de leche. Ha sido fabricado a partir de leche fresca desnatada y ultrafiltrada, por lo que cuenta con unos bajos niveles de bacterias y esporas y se adapta sin ningún problema a diferentes aplicaciones clínicas, estilo de vida y nutrición deportiva. Este conjunto de aislados y concentrados de proteína de leche es una buena fuente de proteínas, con un excelente sabor, una buena solubilidad, una gran estabilidad térmica y rico en calcio de leche.",5.0, Micellar Casein,1.0,Kg
34.51,35.0,"100% Whey Protein Professional de Scitec Nutrition es una mezcla de proteína de concentrado de suero de gran calidad y de proteínas aislada de suero con una gran variedad de sabores. Las proteínas son fuentes de nitrógeno y de aminoácidos que son necesarios para el mantenimiento y el desarrollo de los músculos.
 ",4.6, 100% Whey Protein Professional,920.0,gr
69.99,6.0,Mega Mass 4000 de Weider es una fórmula de última generación elaborado a partir de una combinación de carbohidratos y proteínas que será perfecta para potenciar nuestro crecimiento muscular. Mega Mass 4000 nos aporta energía y proteínas de alta calidad para cubrir las necesidades dietéticas de los deportistas que entrenan de forma regular.,4.5, Mega Mass 4000,4.0,Kg
114.9,74.0,100% Whey Protein Professional de Scitec Nutrition es una mezcla de proteína de concentrado de suero de gran calidad y de proteínas aislada de suero con una gran variedad de sabores. Las proteínas son fuentes de nitrógeno y de aminoácidos que son necesarios para el mantenimiento y el desarrollo de los músculos.,4.9, 100% Whey Protein Professional,5.0,Kg
